author,count
@birahimdiagne351,9
@KamelBob-q8o,3
@ngutumpuennutu2836,3
@jean-clauderost7610,3
@rogergirard9151,2
@Yunuserat,2
@lolcomptefrip,2
@Rider.Looper2,2
@DGul-hf2yw,2
@ngoanbeti7549,2
@RubenBayihaAmos,1
@HamadyDiallo-e4e,1
@camilojosecorreiadepina5673,1
@amadoubagayogo1090,1
@Cinquemendy9906,1
@josephmamie4881,1
@erictevoedjre3966,1
@aboudoumawuto196,1
@amenhotepimhotep2249,1
@BantindeJeremie,1
@allblack9284,1
@vauvertalain1397,1
@sahmahounta9847,1
@daoudadiakite8430,1
@djibofadel6126,1
@jeanalainmarc7956,1
@mccnmb601,1
@millionairemindsetandbusin2702,1
@RCom-r3r,1
@ibrahimabdou2737,1
@anne-sophiederuaz1729,1
@nordaforce9399,1
@siritiebengaly4783,1
@zaga7084,1
@teotem,1
@lamiral1,1
@talibefofana8900,1
@MamadouDougoune-rk3yi,1
@donfzic7471,1
@mouradkouache7796,1
@titustitanic1147,1
@luc-thierrydimi6209,1
@ChristelleYapo-xb9fp,1
@elzoelzi1098,1
@vercin7,1
@orfa820,1
@jacquesvaridel-gd1rh,1
@mikhi9391,1
@kaderdjema3456,1
@yoyoaho4780,1
@SayonKone-bm2vf,1
@Ikitane479,1
@BomDia759,1
@louisb1710,1
@nakobetayo-1461,1
@10plomate,1
@atchygamby6342,1
@moneyismygame5908,1
@AbdlahSesame,1
@ibrahimderkala8551,1
@koumakoayayi1690,1
@michelaelbrecht9123,1
@credov.k2594,1
@afrique_poete443,1
@vaelyon,1
@Le-Guide-du-Routard,1
@pierrehidalgo1831,1
@Le-justicier,1
@edemoi3817,1
@risbokamit2249,1
@pgflog,1
@Kemit2970,1
@joanne3289,1
@mhd-fi3jw,1
